customer_id,first_name,last_name,email,mobile_number,order_id,order_date,delivery_date,order_amount,city,signup_date,rating
1001, Anita ,SHARMA ,anita1@GMAIL.COM,919110053353,ORD-2022-0001,2022-07-18,2022-07-20,3662.377,PUNE,2021-11-22,1.882
1002, KIRAN ,Gupta ,kiran2@GMAIL.COM,0091-9749621470,ORD-2021-0002,2021-01-14,2021-01-21,10669.923,delhi,2018-10-02,4.892
1003, Vikas ,PATEL ,vikas3@yahoo.com,0091-9664130526,ORD-2024-0003,2024-02-05,2024-02-08,23175.878,bangalore,2021-09-29,1.651
1004, POOJA ,SINGH ,pooja4@yahoo.com,919654049436,ORD-2022-0004,2022-07-01,2022-07-07,38255.816,MUMBAI,2020-07-22,4.287
1005, POOJA ,VERMA ,pooja5@yahoo.com,919940992571,ORD-2022-0005,2022-07-03,2022-07-04,91497.485,hyderabad,2021-11-19,2.598
1006, NEHA ,Kumar ,neha6@GMAIL.COM,+91-9811514914,ORD-2023-0006,2023-11-10,2023-11-14,59842.699,CHENNAI,2023-07-30,3.883
1007, Arjun ,GUPTA ,arjun7@yahoo.com,+91-9466825638,ORD-2022-0007,2022-11-28,2022-11-29,50308.318,MUMBAI,2022-01-22,2.496
1008, ROHIT ,Sharma ,rohit8@GMAIL.COM,0091-9997612044,ORD-2022-0008,2022-10-26,2022-10-30,8336.326,hyderabad,2022-09-27,1.661
1009, ARJUN ,VERMA ,arjun9@GMAIL.COM,919215984311,ORD-2022-0009,2022-03-10,2022-03-15,44090.958,mumbai,2020-01-17,1.029
1010, RAHUL ,Singh ,rahul10@GMAIL.COM,+91-9354794895,ORD-2021-0010,2021-05-19,2021-05-20,72473.58,chennai,2018-12-11,2.724
1011, VIKAS ,Verma ,vikas11@yahoo.com,919701642483,ORD-2023-0011,2023-08-15,2023-08-22,86236.417,delhi,2021-07-20,2.773
1012, ARJUN ,Patel ,arjun12@yahoo.com,+91-9897677788,ORD-2021-0012,2021-04-14,2021-04-20,40403.509,pune,2019-09-29,3.786
1013, Arjun ,JOSHI ,arjun13@yahoo.com,919621890096,ORD-2021-0013,2021-11-14,2021-11-16,58625.671,hyderabad,2021-01-05,1.272
1014, NEHA ,VERMA ,neha14@GMAIL.COM,919042672287,ORD-2021-0014,2021-09-03,2021-09-08,31978.8,pune,2020-12-15,2.265
1015, Anita ,Sharma ,anita15@yahoo.com,+91-9107354053,ORD-2023-0015,2023-07-28,2023-08-02,7344.736,CHENNAI,2021-12-19,3.116
1016, Arjun ,Gupta ,arjun16@GMAIL.COM,919114929002,ORD-2021-0016,2021-08-01,2021-08-03,71902.413,delhi,2020-10-25,3.537
1017, Aman ,SHARMA ,aman17@yahoo.com,+91-9140466536,ORD-2021-0017,2021-01-08,2021-01-11,1462.135,MUMBAI,2018-11-01,2.719
1018, Rahul ,GUPTA ,rahul18@yahoo.com,+91-9042836793,ORD-2023-0018,2023-01-17,2023-01-24,56208.41,MUMBAI,2020-08-09,4.526
1019, Rahul ,Kumar ,rahul19@GMAIL.COM,919927781681,ORD-2022-0019,2022-11-12,2022-11-19,11255.515,MUMBAI,2021-09-07,1.892
1020, Neha ,Verma ,neha20@GMAIL.COM,0091-9830353157,ORD-2022-0020,2022-11-04,2022-11-07,53853.465,DELHI,2020-05-23,3.386
1021, POOJA ,Mehta ,pooja21@yahoo.com,919965835850,ORD-2023-0021,2023-06-13,2023-06-18,52232.075,chennai,2021-12-27,4.683
1022, KIRAN ,MEHTA ,kiran22@GMAIL.COM,0091-9332091877,ORD-2021-0022,2021-09-13,2021-09-19,19588.089,DELHI,2020-10-31,2.215
1023, Neha ,VERMA ,neha23@GMAIL.COM,0091-9499277266,ORD-2024-0023,2024-04-02,2024-04-07,96003.284,MUMBAI,2022-05-23,3.691
1024, NEHA ,SINGH ,neha24@GMAIL.COM,+91-9262897676,ORD-2021-0024,2021-10-29,2021-10-30,71975.419,delhi,2021-09-02,4.114
1025, NEHA ,KUMAR ,neha25@GMAIL.COM,+91-9598509918,ORD-2023-0025,2023-11-27,2023-12-01,98795.299,HYDERABAD,2023-09-27,2.784
1026, Rohit ,JOSHI ,rohit26@GMAIL.COM,0091-9901795907,ORD-2023-0026,2023-07-11,2023-07-14,27822.446,mumbai,2021-05-23,2.532
1027, ROHIT ,SINGH ,rohit27@yahoo.com,0091-9582624278,ORD-2021-0027,2021-05-12,2021-05-16,77094.679,BANGALORE,2020-03-11,4.014
1028, VIKAS ,SINGH ,vikas28@yahoo.com,0091-9521454127,ORD-2023-0028,2023-09-27,2023-09-29,16921.951,delhi,2022-12-12,1.336
1029, VIKAS ,Kumar ,vikas29@GMAIL.COM,+91-9279340713,ORD-2023-0029,2023-08-04,2023-08-06,28186.533,BANGALORE,2023-06-04,1.897
1030, ANITA ,Sharma ,anita30@yahoo.com,+91-9901115118,ORD-2021-0030,2021-03-05,2021-03-07,94801.824,mumbai,2020-08-03,4.859
1031, ANITA ,SHARMA ,anita31@GMAIL.COM,919425904456,ORD-2022-0031,2022-10-01,2022-10-06,24663.513,DELHI,2020-10-28,2.389
1032, Vikas ,Mehta ,vikas32@GMAIL.COM,0091-9013585139,ORD-2021-0032,2021-05-22,2021-05-27,63740.718,HYDERABAD,2019-07-19,4.099
1033, Sneha ,Verma ,sneha33@yahoo.com,0091-9891990632,ORD-2022-0033,2022-07-04,2022-07-07,61228.005,BANGALORE,2020-02-03,2.119
1034, KIRAN ,GUPTA ,kiran34@yahoo.com,919259154084,ORD-2024-0034,2024-02-13,2024-02-14,47871.265,chennai,2022-08-23,3.326
1035, SNEHA ,Mehta ,sneha35@yahoo.com,0091-9377753674,ORD-2023-0035,2023-05-22,2023-05-28,19662.137,chennai,2021-10-26,3.358
1036, ARJUN ,GUPTA ,arjun36@yahoo.com,+91-9318092217,ORD-2021-0036,2021-07-25,2021-08-01,5028.812,delhi,2020-12-29,3.296
1037, SNEHA ,Joshi ,sneha37@yahoo.com,0091-9271096600,ORD-2023-0037,2023-06-22,2023-06-25,57913.605,hyderabad,2022-12-06,4.058
1038, Kiran ,Singh ,kiran38@GMAIL.COM,919319280490,ORD-2023-0038,2023-12-07,2023-12-11,61158.276,MUMBAI,2022-08-23,3.208
1039, ROHIT ,SHARMA ,rohit39@GMAIL.COM,+91-9637599912,ORD-2023-0039,2023-04-17,2023-04-21,45676.117,PUNE,2021-05-02,1.459
1040, Neha ,KUMAR ,neha40@GMAIL.COM,0091-9064035859,ORD-2022-0040,2022-06-29,2022-07-06,44195.768,HYDERABAD,2022-01-25,1.159
1041, Vikas ,Mehta ,vikas41@GMAIL.COM,919897603725,ORD-2022-0041,2022-05-28,2022-05-29,82231.414,hyderabad,2022-02-14,2.744
1042, Sneha ,Patel ,sneha42@GMAIL.COM,+91-9357887167,ORD-2023-0042,2023-08-21,2023-08-24,29177.671,pune,2022-06-19,4.46
1043, Rahul ,JOSHI ,rahul43@yahoo.com,0091-9388457631,ORD-2023-0043,2023-04-27,2023-04-28,55147.354,mumbai,2022-10-07,3.839
1044, AMAN ,Sharma ,aman44@GMAIL.COM,+91-9241270488,ORD-2024-0044,2024-02-06,2024-02-10,50088.363,HYDERABAD,2023-10-24,1.579
1045, Neha ,KUMAR ,neha45@GMAIL.COM,0091-9917418307,ORD-2021-0045,2021-05-23,2021-05-26,28642.479,BANGALORE,2019-03-14,2.33
1046, ARJUN ,VERMA ,arjun46@yahoo.com,919256415500,ORD-2023-0046,2023-07-22,2023-07-25,32158.545,MUMBAI,2021-02-02,2.981
1047, RAHUL ,KUMAR ,rahul47@yahoo.com,0091-9107765664,ORD-2023-0047,2023-10-26,2023-10-31,14843.464,PUNE,2022-11-11,3.599
1048, POOJA ,Verma ,pooja48@GMAIL.COM,919523929617,ORD-2022-0048,2022-10-11,2022-10-17,92132.445,pune,2020-09-26,1.665
1049, AMAN ,Sharma ,aman49@yahoo.com,0091-9315001254,ORD-2021-0049,2021-04-05,2021-04-08,68339.137,HYDERABAD,2019-01-01,1.572
1050, Sneha ,GUPTA ,sneha50@yahoo.com,0091-9965195684,ORD-2023-0050,2023-07-31,2023-08-03,44452.113,MUMBAI,2021-09-07,4.997
1051, SNEHA ,PATEL ,sneha51@GMAIL.COM,919317690559,ORD-2022-0051,2022-05-01,2022-05-05,27810.798,BANGALORE,2020-09-13,4.103
1052, Neha ,MEHTA ,neha52@yahoo.com,919727744047,ORD-2022-0052,2022-03-25,2022-03-31,10167.811,BANGALORE,2021-09-02,2.307
1053, Vikas ,Kumar ,vikas53@yahoo.com,919392836532,ORD-2022-0053,2022-02-16,2022-02-18,91447.871,DELHI,2019-11-24,1.563
1054, Neha ,Verma ,neha54@GMAIL.COM,0091-9423671208,ORD-2024-0054,2024-02-16,2024-02-19,67397.909,hyderabad,2023-11-06,2.312
1055, Kiran ,Singh ,kiran55@yahoo.com,0091-9976447539,ORD-2021-0055,2021-05-10,2021-05-16,4202.607,chennai,2019-01-08,3.786
1056, ARJUN ,VERMA ,arjun56@yahoo.com,919525432379,ORD-2021-0056,2021-11-13,2021-11-17,37367.731,CHENNAI,2020-01-03,2.435
1057, VIKAS ,GUPTA ,vikas57@GMAIL.COM,919098433586,ORD-2022-0057,2022-01-24,2022-01-25,5532.562,HYDERABAD,2019-08-30,1.864
1058, Neha ,MEHTA ,neha58@GMAIL.COM,+91-9003044648,ORD-2021-0058,2021-10-30,2021-11-06,11437.672,bangalore,2020-02-18,1.21
1059, VIKAS ,PATEL ,vikas59@GMAIL.COM,919551085057,ORD-2021-0059,2021-05-11,2021-05-15,4814.821,pune,2020-01-28,4.389
1060, Vikas ,Patel ,vikas60@yahoo.com,0091-9965580338,ORD-2023-0060,2023-10-02,2023-10-08,63491.134,DELHI,2022-06-25,4.172
1061, ANITA ,SINGH ,anita61@yahoo.com,0091-9363925049,ORD-2023-0061,2023-05-31,2023-06-04,31596.095,pune,2022-09-30,1.386
1062, POOJA ,Kumar ,pooja62@GMAIL.COM,919353954673,ORD-2024-0062,2024-02-14,2024-02-15,75153.283,MUMBAI,2022-06-14,1.619
1063, Sneha ,SINGH ,sneha63@GMAIL.COM,0091-9394665673,ORD-2021-0063,2021-08-10,2021-08-13,97467.387,BANGALORE,2019-03-19,1.116
1064, Aman ,Gupta ,aman64@GMAIL.COM,919153815116,ORD-2022-0064,2022-11-27,2022-11-30,97195.127,bangalore,2022-11-11,4.107
1065, KIRAN ,Patel ,kiran65@yahoo.com,919053432064,ORD-2021-0065,2021-04-18,2021-04-20,60904.063,hyderabad,2020-10-29,2.947
1066, Aman ,SHARMA ,aman66@GMAIL.COM,0091-9008253947,ORD-2022-0066,2022-03-28,2022-04-01,29299.99,HYDERABAD,2020-07-13,4.333
1067, Pooja ,PATEL ,pooja67@GMAIL.COM,0091-9468387228,ORD-2023-0067,2023-03-25,2023-04-01,57553.268,hyderabad,2021-02-14,2.84
1068, Pooja ,Patel ,pooja68@yahoo.com,0091-9467804106,ORD-2023-0068,2023-06-14,2023-06-21,34281.571,BANGALORE,2023-02-16,2.404
1069, Rohit ,SINGH ,rohit69@yahoo.com,+91-9211818984,ORD-2021-0069,2021-07-30,2021-08-01,77398.385,CHENNAI,2020-10-31,4.946
1070, Pooja ,MEHTA ,pooja70@yahoo.com,0091-9474817290,ORD-2021-0070,2021-11-06,2021-11-10,7881.97,delhi,2021-08-19,3.46
1071, ARJUN ,VERMA ,arjun71@GMAIL.COM,+91-9850207886,ORD-2023-0071,2023-08-06,2023-08-11,32491.913,chennai,2022-01-06,1.337
1072, ROHIT ,Sharma ,rohit72@yahoo.com,919561296425,ORD-2022-0072,2022-05-23,2022-05-29,41172.555,chennai,2021-02-19,2.546
1073, AMAN ,KUMAR ,aman73@GMAIL.COM,0091-9151857566,ORD-2022-0073,2022-11-14,2022-11-15,13330.69,chennai,2021-03-18,4.316
1074, Arjun ,Patel ,arjun74@GMAIL.COM,+91-9019574893,ORD-2023-0074,2023-05-18,2023-05-23,19604.521,CHENNAI,2022-05-03,4.535
1075, Rahul ,MEHTA ,rahul75@yahoo.com,919194181873,ORD-2021-0075,2021-09-26,2021-10-01,44048.504,pune,2020-08-27,1.936
1076, NEHA ,Gupta ,neha76@yahoo.com,0091-9728326405,ORD-2023-0076,2023-08-19,2023-08-26,52982.249,BANGALORE,2023-01-23,3.218
1077, ANITA ,Patel ,anita77@GMAIL.COM,919482452834,ORD-2022-0077,2022-08-07,2022-08-08,22592.782,delhi,2020-06-07,2.5
1078, RAHUL ,Mehta ,rahul78@GMAIL.COM,+91-9697889971,ORD-2021-0078,2021-07-22,2021-07-29,69759.163,MUMBAI,2019-07-12,3.195
1079, KIRAN ,VERMA ,kiran79@GMAIL.COM,+91-9255164255,ORD-2021-0079,2021-08-16,2021-08-23,6749.312,BANGALORE,2020-10-15,2.717
1080, Kiran ,Mehta ,kiran80@GMAIL.COM,+91-9201126777,ORD-2022-0080,2022-05-08,2022-05-13,54636.155,bangalore,2021-02-26,2.015
1081, Rahul ,MEHTA ,rahul81@yahoo.com,+91-9786989426,ORD-2021-0081,2021-05-19,2021-05-22,4911.401,CHENNAI,2020-09-05,1.729
1082, Rohit ,Patel ,rohit82@yahoo.com,+91-9216456682,ORD-2023-0082,2023-07-27,2023-07-28,40123.294,DELHI,2022-09-20,4.463
1083, POOJA ,GUPTA ,pooja83@yahoo.com,919429520110,ORD-2021-0083,2021-09-12,2021-09-19,19088.313,pune,2020-08-22,3.41
1084, ROHIT ,GUPTA ,rohit84@yahoo.com,0091-9709656613,ORD-2022-0084,2022-10-20,2022-10-21,44668.884,delhi,2022-07-21,1.3
1085, Vikas ,MEHTA ,vikas85@yahoo.com,+91-9729511584,ORD-2023-0085,2023-11-17,2023-11-24,13059.887,PUNE,2021-10-01,4.795
1086, Pooja ,Joshi ,pooja86@yahoo.com,0091-9394009507,ORD-2021-0086,2021-06-07,2021-06-12,73699.649,hyderabad,2021-01-08,2.142
1087, SNEHA ,Singh ,sneha87@GMAIL.COM,919185388355,ORD-2021-0087,2021-09-09,2021-09-11,84629.361,CHENNAI,2019-04-10,3.838
1088, Rohit ,Mehta ,rohit88@GMAIL.COM,+91-9215801027,ORD-2023-0088,2023-11-08,2023-11-10,37206.661,CHENNAI,2023-06-27,2.915
1089, VIKAS ,VERMA ,vikas89@yahoo.com,0091-9689705810,ORD-2024-0089,2024-03-23,2024-03-24,82990.846,DELHI,2023-11-06,3.072
1090, Aman ,Kumar ,aman90@GMAIL.COM,0091-9371539452,ORD-2021-0090,2021-11-28,2021-12-01,55308.721,mumbai,2019-11-23,1.685
1091, Kiran ,MEHTA ,kiran91@yahoo.com,+91-9927477999,ORD-2024-0091,2024-02-29,2024-03-01,21475.434,bangalore,2021-10-27,2.932
1092, VIKAS ,Gupta ,vikas92@GMAIL.COM,0091-9169737590,ORD-2023-0092,2023-07-18,2023-07-19,31601.959,hyderabad,2021-08-02,1.425
1093, NEHA ,Joshi ,neha93@GMAIL.COM,+91-9266200875,ORD-2021-0093,2021-09-08,2021-09-11,25202.893,PUNE,2020-05-26,4.984
1094, Sneha ,Joshi ,sneha94@yahoo.com,0091-9422240582,ORD-2022-0094,2022-09-24,2022-09-28,5528.77,pune,2022-08-22,1.536
1095, AMAN ,MEHTA ,aman95@yahoo.com,919612335251,ORD-2023-0095,2023-04-06,2023-04-09,50673.425,PUNE,2023-02-09,2.493
1096, POOJA ,Mehta ,pooja96@yahoo.com,+91-9546666136,ORD-2021-0096,2021-10-23,2021-10-25,47637.543,HYDERABAD,2020-02-05,3.957
1097, AMAN ,MEHTA ,aman97@yahoo.com,919761003571,ORD-2023-0097,2023-11-05,2023-11-12,67543.736,PUNE,2022-05-23,2.062
1098, Kiran ,SINGH ,kiran98@yahoo.com,919675410705,ORD-2021-0098,2021-04-16,2021-04-21,68232.326,chennai,2019-12-02,1.816
1099, Arjun ,Joshi ,arjun99@yahoo.com,0091-9222631460,ORD-2021-0099,2021-05-08,2021-05-14,95690.206,CHENNAI,2020-12-08,2.057
1100, Sneha ,SINGH ,sneha100@yahoo.com,0091-9241449138,ORD-2022-0100,2022-05-20,2022-05-23,48240.441,pune,2020-10-16,4.274
1101, Rohit ,GUPTA ,rohit101@yahoo.com,0091-9371904990,ORD-2021-0101,2021-03-28,2021-03-31,82881.194,delhi,2019-03-18,3.679
1102, ARJUN ,SINGH ,arjun102@yahoo.com,0091-9354650074,ORD-2022-0102,2022-04-22,2022-04-23,55260.08,BANGALORE,2021-12-31,2.285
1103, Rahul ,Patel ,rahul103@GMAIL.COM,+91-9793158610,ORD-2024-0103,2024-03-21,2024-03-23,17990.976,bangalore,2022-09-11,4.507
1104, Rahul ,GUPTA ,rahul104@yahoo.com,0091-9359748735,ORD-2024-0104,2024-03-09,2024-03-14,93886.77,bangalore,2023-11-11,3.874
1105, Rahul ,MEHTA ,rahul105@GMAIL.COM,919188436227,ORD-2022-0105,2022-08-28,2022-09-02,51770.426,bangalore,2020-09-27,2.534
1106, Sneha ,GUPTA ,sneha106@yahoo.com,0091-9615122372,ORD-2022-0106,2022-11-07,2022-11-10,12263.372,delhi,2021-03-11,3.555
1107, Aman ,Mehta ,aman107@GMAIL.COM,919488529624,ORD-2022-0107,2022-03-29,2022-03-31,91323.29,DELHI,2021-11-03,3.102
1108, ARJUN ,MEHTA ,arjun108@yahoo.com,919588033900,ORD-2021-0108,2021-06-09,2021-06-14,85521.358,delhi,2021-02-05,2.814
1109, Arjun ,Verma ,arjun109@GMAIL.COM,0091-9496474925,ORD-2023-0109,2023-07-25,2023-07-30,74707.546,DELHI,2023-05-17,4.945
1110, Sneha ,SHARMA ,sneha110@yahoo.com,919822301213,ORD-2022-0110,2022-08-11,2022-08-15,99289.232,HYDERABAD,2022-01-29,1.532
1111, Pooja ,PATEL ,pooja111@GMAIL.COM,+91-9567840357,ORD-2022-0111,2022-01-01,2022-01-06,46568.888,mumbai,2020-11-15,4.75
1112, ANITA ,Sharma ,anita112@yahoo.com,+91-9948926442,ORD-2023-0112,2023-05-09,2023-05-14,59979.597,DELHI,2021-03-06,1.561
1113, AMAN ,SINGH ,aman113@GMAIL.COM,0091-9829506584,ORD-2024-0113,2024-03-25,2024-03-28,52364.48,chennai,2022-08-02,2.709
1114, Sneha ,Sharma ,sneha114@yahoo.com,0091-9843751263,ORD-2022-0114,2022-12-07,2022-12-13,18795.958,DELHI,2021-01-09,3.25
1115, Vikas ,KUMAR ,vikas115@yahoo.com,+91-9218331154,ORD-2023-0115,2023-03-07,2023-03-09,72596.179,HYDERABAD,2022-06-09,3.897
1116, ARJUN ,Singh ,arjun116@GMAIL.COM,+91-9973919081,ORD-2023-0116,2023-09-09,2023-09-11,74814.483,BANGALORE,2021-03-23,4.102
1117, Vikas ,Joshi ,vikas117@GMAIL.COM,919386165467,ORD-2023-0117,2023-12-29,2024-01-04,72380.151,CHENNAI,2022-12-17,1.584
1118, Aman ,Verma ,aman118@GMAIL.COM,919407849850,ORD-2022-0118,2022-08-28,2022-08-30,68642.238,BANGALORE,2022-01-30,1.677
1119, Arjun ,JOSHI ,arjun119@GMAIL.COM,+91-9063063063,ORD-2022-0119,2022-01-12,2022-01-17,41533.026,HYDERABAD,2020-03-16,3.551
1120, KIRAN ,JOSHI ,kiran120@GMAIL.COM,+91-9571458801,ORD-2023-0120,2023-09-27,2023-09-28,29025.509,hyderabad,2023-09-11,1.596
1121, NEHA ,Gupta ,neha121@GMAIL.COM,0091-9084846271,ORD-2022-0121,2022-12-27,2022-12-30,30347.477,PUNE,2020-09-24,3.211
1122, Rahul ,SHARMA ,rahul122@yahoo.com,0091-9465906941,ORD-2021-0122,2021-12-17,2021-12-18,53051.839,delhi,2020-07-14,3.738
1123, Aman ,SHARMA ,aman123@yahoo.com,+91-9016812751,ORD-2022-0123,2022-01-03,2022-01-10,8155.28,chennai,2021-02-05,1.56
1124, Anita ,MEHTA ,anita124@GMAIL.COM,0091-9900520057,ORD-2021-0124,2021-04-20,2021-04-21,96907.592,pune,2020-01-19,2.727
1125, KIRAN ,Verma ,kiran125@yahoo.com,919264623437,ORD-2021-0125,2021-06-25,2021-07-02,78497.083,bangalore,2019-09-21,1.409
1126, ANITA ,Kumar ,anita126@yahoo.com,+91-9595647539,ORD-2023-0126,2023-06-02,2023-06-06,60005.358,mumbai,2021-10-30,3.288
1127, ROHIT ,Verma ,rohit127@yahoo.com,+91-9323337234,ORD-2021-0127,2021-12-14,2021-12-16,48681.016,delhi,2021-03-04,1.542
1128, RAHUL ,Verma ,rahul128@GMAIL.COM,0091-9863370520,ORD-2022-0128,2022-11-12,2022-11-19,65278.167,PUNE,2021-02-05,4.875
1129, AMAN ,JOSHI ,aman129@yahoo.com,0091-9403786306,ORD-2024-0129,2024-03-25,2024-04-01,99727.86,bangalore,2023-07-11,4.325
1130, ANITA ,Verma ,anita130@yahoo.com,919271314895,ORD-2023-0130,2023-10-20,2023-10-22,45182.139,DELHI,2021-12-31,4.163
1131, Pooja ,Patel ,pooja131@GMAIL.COM,+91-9706094391,ORD-2021-0131,2021-08-12,2021-08-19,67908.454,hyderabad,2020-11-21,3.987
1132, Arjun ,Singh ,arjun132@GMAIL.COM,919729667145,ORD-2023-0132,2023-07-02,2023-07-05,48535.723,bangalore,2022-05-18,2.821
1133, NEHA ,Joshi ,neha133@GMAIL.COM,0091-9775235090,ORD-2022-0133,2022-12-15,2022-12-19,11950.984,MUMBAI,2022-08-28,3.208
1134, Pooja ,Verma ,pooja134@yahoo.com,+91-9434916368,ORD-2023-0134,2023-08-05,2023-08-07,61603.64,delhi,2021-05-01,3.309
1135, Arjun ,KUMAR ,arjun135@GMAIL.COM,919281699808,ORD-2023-0135,2023-01-20,2023-01-23,59898.598,CHENNAI,2022-06-23,4.202
1136, KIRAN ,Patel ,kiran136@yahoo.com,+91-9256165519,ORD-2021-0136,2021-10-02,2021-10-05,59844.369,mumbai,2021-05-25,3.22
1137, Sneha ,GUPTA ,sneha137@yahoo.com,+91-9904074740,ORD-2021-0137,2021-10-15,2021-10-17,19915.285,pune,2020-11-17,2.955
1138, ANITA ,Sharma ,anita138@GMAIL.COM,0091-9241423782,ORD-2022-0138,2022-03-28,2022-03-31,76708.996,DELHI,2022-02-13,4.04
1139, SNEHA ,SINGH ,sneha139@yahoo.com,+91-9891281644,ORD-2023-0139,2023-05-21,2023-05-22,35183.409,hyderabad,2021-04-18,3.757
1140, Kiran ,VERMA ,kiran140@GMAIL.COM,+91-9842725534,ORD-2021-0140,2021-12-06,2021-12-11,59887.34,CHENNAI,2021-07-07,4.261
1141, ROHIT ,VERMA ,rohit141@GMAIL.COM,+91-9704263267,ORD-2021-0141,2021-05-02,2021-05-05,76266.622,chennai,2018-11-17,4.178
1142, Anita ,Verma ,anita142@yahoo.com,0091-9942012342,ORD-2023-0142,2023-11-22,2023-11-28,77526.461,hyderabad,2023-02-01,2.591
1143, Vikas ,SINGH ,vikas143@yahoo.com,919362661837,ORD-2023-0143,2023-10-11,2023-10-14,34702.092,mumbai,2022-11-05,2.765
1144, Rahul ,VERMA ,rahul144@yahoo.com,+91-9947198944,ORD-2022-0144,2022-02-19,2022-02-25,36363.321,MUMBAI,2021-09-27,2.717
1145, Anita ,Patel ,anita145@yahoo.com,+91-9083686071,ORD-2021-0145,2021-01-03,2021-01-05,34685.628,delhi,2019-08-24,1.413
1146, Pooja ,GUPTA ,pooja146@yahoo.com,+91-9873347156,ORD-2021-0146,2021-10-08,2021-10-12,56547.476,HYDERABAD,2019-07-29,3.746
1147, NEHA ,Patel ,neha147@GMAIL.COM,0091-9633050169,ORD-2021-0147,2021-07-25,2021-07-27,25154.744,DELHI,2019-06-06,4.392
1148, Aman ,SINGH ,aman148@GMAIL.COM,0091-9802990996,ORD-2023-0148,2023-11-27,2023-12-02,24314.437,BANGALORE,2022-06-14,4.736
1149, Rohit ,VERMA ,rohit149@yahoo.com,0091-9733303441,ORD-2024-0149,2024-03-10,2024-03-14,7219.491,HYDERABAD,2023-02-20,4.068
1150, VIKAS ,Verma ,vikas150@GMAIL.COM,0091-9661475488,ORD-2021-0150,2021-06-18,2021-06-24,97444.182,BANGALORE,2019-12-07,3.795
1151, NEHA ,SHARMA ,neha151@GMAIL.COM,919657448675,ORD-2022-0151,2022-05-16,2022-05-17,17976.767,CHENNAI,2021-02-16,2.037
1152, Pooja ,Kumar ,pooja152@yahoo.com,0091-9966257505,ORD-2022-0152,2022-07-05,2022-07-11,71376.163,bangalore,2022-02-25,1.629
1153, ANITA ,Patel ,anita153@yahoo.com,+91-9002757916,ORD-2022-0153,2022-04-13,2022-04-19,15433.424,BANGALORE,2020-10-29,1.993
1154, POOJA ,GUPTA ,pooja154@GMAIL.COM,+91-9128205773,ORD-2021-0154,2021-06-09,2021-06-14,95430.901,delhi,2020-05-14,2.476
1155, Aman ,GUPTA ,aman155@GMAIL.COM,+91-9635323297,ORD-2022-0155,2022-05-12,2022-05-16,15481.354,BANGALORE,2021-04-20,1.006
1156, Vikas ,Gupta ,vikas156@yahoo.com,+91-9255730504,ORD-2021-0156,2021-08-01,2021-08-03,4868.076,hyderabad,2020-01-27,1.382
1157, ROHIT ,Verma ,rohit157@yahoo.com,+91-9066875719,ORD-2021-0157,2021-06-03,2021-06-08,80181.274,hyderabad,2019-10-21,1.436
1158, Anita ,Kumar ,anita158@yahoo.com,0091-9129640083,ORD-2023-0158,2023-07-10,2023-07-14,26868.289,BANGALORE,2022-08-13,1.593
1159, NEHA ,Mehta ,neha159@yahoo.com,+91-9727120114,ORD-2023-0159,2023-03-23,2023-03-28,74933.805,mumbai,2023-01-22,1.523
1160, VIKAS ,Mehta ,vikas160@GMAIL.COM,+91-9277906552,ORD-2021-0160,2021-06-22,2021-06-27,44621.417,MUMBAI,2019-10-21,4.697
1161, VIKAS ,Verma ,vikas161@yahoo.com,0091-9458127005,ORD-2023-0161,2023-10-14,2023-10-15,88400.668,delhi,2022-09-08,1.351
1162, Vikas ,KUMAR ,vikas162@GMAIL.COM,+91-9949888400,ORD-2023-0162,2023-05-09,2023-05-11,98945.66,pune,2021-07-10,2.082
1163, Rahul ,MEHTA ,rahul163@GMAIL.COM,0091-9301649155,ORD-2022-0163,2022-03-25,2022-03-26,97410.996,MUMBAI,2019-12-06,3.303
1164, Vikas ,MEHTA ,vikas164@yahoo.com,919865661638,ORD-2021-0164,2021-12-22,2021-12-24,70205.8,pune,2021-04-14,3.168
1165, Rohit ,Joshi ,rohit165@GMAIL.COM,+91-9249777425,ORD-2021-0165,2021-03-19,2021-03-20,20545.706,hyderabad,2021-01-11,3.819
1166, ROHIT ,Patel ,rohit166@yahoo.com,919756491925,ORD-2023-0166,2023-12-14,2023-12-21,14076.941,HYDERABAD,2022-11-26,3.774
1167, Kiran ,Mehta ,kiran167@yahoo.com,0091-9188282376,ORD-2022-0167,2022-04-03,2022-04-09,678.892,BANGALORE,2020-07-29,4.684
1168, KIRAN ,SINGH ,kiran168@yahoo.com,+91-9151014666,ORD-2024-0168,2024-03-04,2024-03-05,88589.365,MUMBAI,2022-10-03,3.773
1169, POOJA ,Gupta ,pooja169@yahoo.com,919470535289,ORD-2021-0169,2021-08-10,2021-08-16,88236.181,mumbai,2021-07-30,1.651
1170, ANITA ,Sharma ,anita170@GMAIL.COM,0091-9112447665,ORD-2022-0170,2022-08-27,2022-08-28,54931.103,chennai,2021-09-25,1.66
1171, Vikas ,KUMAR ,vikas171@GMAIL.COM,919439460908,ORD-2021-0171,2021-04-20,2021-04-21,66229.49,delhi,2020-05-06,2.71
1172, Aman ,Joshi ,aman172@yahoo.com,0091-9183429671,ORD-2022-0172,2022-02-13,2022-02-14,78595.219,PUNE,2022-01-08,2.478
1173, Sneha ,Sharma ,sneha173@GMAIL.COM,0091-9242925794,ORD-2022-0173,2022-06-24,2022-06-28,10121.911,PUNE,2021-02-23,4.274
1174, VIKAS ,JOSHI ,vikas174@GMAIL.COM,919423917958,ORD-2024-0174,2024-03-18,2024-03-20,57362.798,mumbai,2022-11-07,4.234
1175, ROHIT ,SHARMA ,rohit175@yahoo.com,919883221403,ORD-2023-0175,2023-05-18,2023-05-19,72846.749,DELHI,2021-06-08,4.146
1176, Kiran ,VERMA ,kiran176@GMAIL.COM,919631289471,ORD-2021-0176,2021-08-19,2021-08-23,56487.034,pune,2021-03-09,3.288
1177, Sneha ,Sharma ,sneha177@GMAIL.COM,919653538609,ORD-2021-0177,2021-12-19,2021-12-22,33483.661,BANGALORE,2020-10-23,2.244
1178, SNEHA ,Patel ,sneha178@GMAIL.COM,0091-9475786397,ORD-2022-0178,2022-04-12,2022-04-14,19199.601,HYDERABAD,2021-05-30,4.166
1179, ANITA ,Gupta ,anita179@GMAIL.COM,919562948033,ORD-2023-0179,2023-11-04,2023-11-08,83779.179,hyderabad,2023-06-09,2.588
1180, Anita ,Sharma ,anita180@yahoo.com,0091-9478999915,ORD-2022-0180,2022-05-11,2022-05-14,89501.946,MUMBAI,2020-12-17,4.428
1181, NEHA ,SINGH ,neha181@GMAIL.COM,919928389318,ORD-2022-0181,2022-07-06,2022-07-12,60313.624,pune,2021-05-03,4.582
1182, POOJA ,Joshi ,pooja182@GMAIL.COM,919559030686,ORD-2022-0182,2022-06-01,2022-06-03,66404.368,DELHI,2021-01-30,2.345
1183, AMAN ,MEHTA ,aman183@yahoo.com,0091-9958179065,ORD-2022-0183,2022-07-22,2022-07-25,6149.08,pune,2020-09-09,4.99
1184, Aman ,Verma ,aman184@GMAIL.COM,919760283250,ORD-2023-0184,2023-04-09,2023-04-13,68788.652,chennai,2021-03-06,4.506
1185, Rohit ,Gupta ,rohit185@GMAIL.COM,919778663220,ORD-2021-0185,2021-07-19,2021-07-23,33895.43,BANGALORE,2021-02-28,3.342
1186, SNEHA ,PATEL ,sneha186@GMAIL.COM,919623106450,ORD-2023-0186,2023-08-22,2023-08-23,86816.027,PUNE,2021-03-08,4.949
1187, SNEHA ,KUMAR ,sneha187@yahoo.com,0091-9836381727,ORD-2022-0187,2022-10-10,2022-10-17,6272.352,delhi,2020-09-28,1.518
1188, VIKAS ,Verma ,vikas188@yahoo.com,919040507249,ORD-2023-0188,2023-04-07,2023-04-11,32560.207,BANGALORE,2021-11-25,2.248
1189, ANITA ,Verma ,anita189@GMAIL.COM,+91-9179336562,ORD-2023-0189,2023-10-28,2023-11-02,59838.807,MUMBAI,2022-12-09,1.66
1190, Vikas ,Sharma ,vikas190@yahoo.com,+91-9140881133,ORD-2022-0190,2022-04-13,2022-04-15,65228.768,CHENNAI,2020-03-20,1.432
1191, RAHUL ,Sharma ,rahul191@GMAIL.COM,0091-9132709191,ORD-2021-0191,2021-08-26,2021-08-30,63215.978,delhi,2020-05-19,3.046
1192, KIRAN ,Patel ,kiran192@GMAIL.COM,919213295228,ORD-2022-0192,2022-08-02,2022-08-03,20566.482,bangalore,2020-05-11,1.938
1193, Rahul ,Patel ,rahul193@GMAIL.COM,+91-9718356830,ORD-2021-0193,2021-08-15,2021-08-22,90525.549,DELHI,2019-12-27,4.409
1194, POOJA ,Mehta ,pooja194@GMAIL.COM,+91-9102003827,ORD-2023-0194,2023-05-23,2023-05-29,33201.752,DELHI,2023-01-15,2.603
1195, Sneha ,Gupta ,sneha195@yahoo.com,919452839683,ORD-2023-0195,2023-03-01,2023-03-07,72777.906,PUNE,2020-10-01,1.725
1196, VIKAS ,Mehta ,vikas196@GMAIL.COM,+91-9944839377,ORD-2021-0196,2021-03-01,2021-03-08,44348.444,CHENNAI,2019-03-22,3.26
1197, Pooja ,Patel ,pooja197@GMAIL.COM,919371245687,ORD-2023-0197,2023-06-06,2023-06-12,56055.252,mumbai,2021-05-13,1.299
1198, Sneha ,Mehta ,sneha198@yahoo.com,919239129305,ORD-2022-0198,2022-05-09,2022-05-12,46179.912,chennai,2021-07-19,1.071
1199, Vikas ,VERMA ,vikas199@GMAIL.COM,919097598351,ORD-2021-0199,2021-03-15,2021-03-20,56452.091,bangalore,2019-08-21,3.241
1200, KIRAN ,Joshi ,kiran200@GMAIL.COM,919815313588,ORD-2023-0200,2023-01-15,2023-01-21,96461.152,chennai,2021-09-29,3.97
1201, VIKAS ,PATEL ,vikas201@yahoo.com,0091-9129649816,ORD-2022-0201,2022-06-05,2022-06-10,34124.388,PUNE,2021-11-07,3.634
1202, Arjun ,Kumar ,arjun202@GMAIL.COM,0091-9052153364,ORD-2023-0202,2023-10-19,2023-10-20,92155.65,BANGALORE,2022-04-14,3.016
1203, VIKAS ,VERMA ,vikas203@GMAIL.COM,+91-9368141835,ORD-2022-0203,2022-05-24,2022-05-27,51473.315,MUMBAI,2021-04-02,3.497
1204, Aman ,MEHTA ,aman204@GMAIL.COM,919582495784,ORD-2021-0204,2021-09-29,2021-10-05,56446.881,PUNE,2019-11-24,4.233
1205, ARJUN ,PATEL ,arjun205@GMAIL.COM,+91-9056978109,ORD-2021-0205,2021-02-21,2021-02-25,68497.338,pune,2020-09-16,1.41
1206, ARJUN ,SINGH ,arjun206@GMAIL.COM,919855593612,ORD-2024-0206,2024-02-24,2024-02-28,39061.688,hyderabad,2023-06-16,4.475
1207, Sneha ,SINGH ,sneha207@yahoo.com,+91-9586923535,ORD-2023-0207,2023-01-24,2023-01-31,18153.877,hyderabad,2021-05-22,2.057
1208, Rohit ,GUPTA ,rohit208@GMAIL.COM,+91-9762023079,ORD-2021-0208,2021-01-12,2021-01-15,62723.983,hyderabad,2019-09-13,1.88
1209, ROHIT ,PATEL ,rohit209@GMAIL.COM,+91-9583127878,ORD-2023-0209,2023-11-01,2023-11-03,33441.12,CHENNAI,2022-08-23,1.035
1210, Pooja ,Joshi ,pooja210@GMAIL.COM,+91-9986347076,ORD-2022-0210,2022-05-08,2022-05-14,94526.273,HYDERABAD,2020-08-08,2.782
1211, Rahul ,GUPTA ,rahul211@yahoo.com,919179738803,ORD-2022-0211,2022-01-30,2022-02-02,63136.691,CHENNAI,2020-08-12,4.101
1212, ANITA ,KUMAR ,anita212@GMAIL.COM,+91-9356176676,ORD-2021-0212,2021-02-18,2021-02-22,57708.748,chennai,2019-02-05,1.473
1213, RAHUL ,PATEL ,rahul213@yahoo.com,919384077593,ORD-2024-0213,2024-04-14,2024-04-15,9107.27,mumbai,2022-04-18,3.987
1214, Arjun ,GUPTA ,arjun214@yahoo.com,919853643130,ORD-2021-0214,2021-10-23,2021-10-26,87539.309,mumbai,2019-11-20,3.993
1215, POOJA ,SINGH ,pooja215@yahoo.com,+91-9550349270,ORD-2023-0215,2023-04-26,2023-05-02,18545.119,HYDERABAD,2020-11-26,1.293
1216, ANITA ,GUPTA ,anita216@yahoo.com,0091-9523116712,ORD-2021-0216,2021-07-21,2021-07-23,62141.82,hyderabad,2019-06-29,3.267
1217, Pooja ,Verma ,pooja217@GMAIL.COM,919237861414,ORD-2021-0217,2021-12-12,2021-12-13,13863.43,MUMBAI,2021-01-16,3.582
1218, ANITA ,Gupta ,anita218@yahoo.com,919951695849,ORD-2021-0218,2021-10-14,2021-10-19,50964.242,HYDERABAD,2021-03-17,4.576
1219, Arjun ,Joshi ,arjun219@yahoo.com,919829084214,ORD-2021-0219,2021-11-01,2021-11-04,51285.993,MUMBAI,2020-09-16,4.029
1220, Rohit ,Joshi ,rohit220@yahoo.com,+91-9607536579,ORD-2021-0220,2021-11-23,2021-11-25,22272.502,bangalore,2020-04-13,2.552
1221, Sneha ,SHARMA ,sneha221@yahoo.com,919559819889,ORD-2021-0221,2021-03-23,2021-03-29,54662.831,PUNE,2020-04-16,4.891
1222, Neha ,Verma ,neha222@GMAIL.COM,0091-9522763616,ORD-2022-0222,2022-12-24,2022-12-31,44269.921,delhi,2020-07-09,3.644
1223, VIKAS ,MEHTA ,vikas223@yahoo.com,919226241647,ORD-2021-0223,2021-08-21,2021-08-25,4792.861,BANGALORE,2019-09-20,4.69
1224, Arjun ,VERMA ,arjun224@yahoo.com,919781656471,ORD-2024-0224,2024-02-29,2024-03-06,60849.327,mumbai,2024-01-31,3.493
1225, Arjun ,Gupta ,arjun225@yahoo.com,919486909856,ORD-2021-0225,2021-12-10,2021-12-16,11302.726,pune,2019-12-29,4.606
1226, KIRAN ,SHARMA ,kiran226@GMAIL.COM,919517802256,ORD-2023-0226,2023-12-25,2023-12-30,89748.411,MUMBAI,2021-11-05,4.754
1227, Sneha ,Verma ,sneha227@yahoo.com,919817696516,ORD-2022-0227,2022-12-19,2022-12-24,76702.96,chennai,2020-09-07,4.158
1228, KIRAN ,Patel ,kiran228@yahoo.com,0091-9220566645,ORD-2023-0228,2023-12-01,2023-12-02,58744.333,MUMBAI,2022-11-02,2.653
1229, Arjun ,JOSHI ,arjun229@yahoo.com,0091-9519433519,ORD-2022-0229,2022-01-02,2022-01-05,14237.818,HYDERABAD,2020-05-30,2.602
1230, POOJA ,SHARMA ,pooja230@yahoo.com,+91-9005680775,ORD-2021-0230,2021-11-26,2021-11-30,26677.654,BANGALORE,2020-02-04,3.846
1231, Kiran ,SHARMA ,kiran231@yahoo.com,919216581500,ORD-2021-0231,2021-12-25,2021-12-31,78503.965,MUMBAI,2020-07-27,1.347
1232, AMAN ,VERMA ,aman232@GMAIL.COM,919215081636,ORD-2022-0232,2022-12-25,2022-12-31,55184.469,MUMBAI,2021-11-06,2.819
1233, Vikas ,Sharma ,vikas233@yahoo.com,+91-9543569021,ORD-2022-0233,2022-06-19,2022-06-21,51572.025,pune,2021-04-19,4.08
1234, POOJA ,JOSHI ,pooja234@GMAIL.COM,0091-9517511527,ORD-2023-0234,2023-08-02,2023-08-07,67852.841,mumbai,2021-02-21,2.149
1235, Vikas ,Mehta ,vikas235@GMAIL.COM,+91-9511697526,ORD-2021-0235,2021-06-05,2021-06-10,68469.177,mumbai,2020-11-25,4.34
1236, Kiran ,Mehta ,kiran236@yahoo.com,919084275390,ORD-2021-0236,2021-11-16,2021-11-23,85780.389,HYDERABAD,2021-07-20,4.475
1237, SNEHA ,KUMAR ,sneha237@yahoo.com,+91-9238470307,ORD-2023-0237,2023-11-13,2023-11-16,54306.411,pune,2022-09-22,2.263
1238, Rahul ,Sharma ,rahul238@yahoo.com,919388267537,ORD-2022-0238,2022-03-08,2022-03-12,27306.119,bangalore,2020-07-12,4.417
1239, Aman ,JOSHI ,aman239@GMAIL.COM,+91-9618360105,ORD-2022-0239,2022-01-04,2022-01-09,85702.72,MUMBAI,2021-08-13,4.982
1240, ARJUN ,MEHTA ,arjun240@yahoo.com,+91-9603591560,ORD-2023-0240,2023-09-24,2023-09-27,81474.898,bangalore,2023-01-01,2.377
1241, Vikas ,PATEL ,vikas241@GMAIL.COM,919619392003,ORD-2022-0241,2022-12-21,2022-12-28,28818.569,pune,2021-01-15,3.527
1242, ROHIT ,Kumar ,rohit242@yahoo.com,+91-9657463001,ORD-2022-0242,2022-11-22,2022-11-26,65474.803,CHENNAI,2021-02-04,3.348
1243, Sneha ,VERMA ,sneha243@GMAIL.COM,+91-9024804609,ORD-2021-0243,2021-12-09,2021-12-11,8466.441,PUNE,2019-07-09,3.096
1244, ANITA ,Patel ,anita244@yahoo.com,0091-9703121225,ORD-2022-0244,2022-06-22,2022-06-27,62834.828,PUNE,2022-01-04,2.869
1245, Arjun ,GUPTA ,arjun245@GMAIL.COM,919190091645,ORD-2024-0245,2024-01-29,2024-02-02,56616.456,pune,2023-09-03,2.231
1246, VIKAS ,Gupta ,vikas246@yahoo.com,+91-9000099158,ORD-2021-0246,2021-11-15,2021-11-18,92247.795,DELHI,2021-10-26,3.193
1247, Neha ,VERMA ,neha247@yahoo.com,919767658814,ORD-2024-0247,2024-02-23,2024-02-27,8381.368,chennai,2023-01-05,3.972
1248, Aman ,VERMA ,aman248@yahoo.com,+91-9195858216,ORD-2022-0248,2022-01-21,2022-01-28,62464.001,bangalore,2021-11-02,1.5
1249, SNEHA ,SHARMA ,sneha249@yahoo.com,0091-9529977010,ORD-2022-0249,2022-04-22,2022-04-23,37454.01,PUNE,2021-11-09,1.286
1250, SNEHA ,KUMAR ,sneha250@yahoo.com,+91-9877516280,ORD-2022-0250,2022-01-29,2022-02-05,77236.921,MUMBAI,2021-05-08,2.891
1251, AMAN ,Mehta ,aman251@yahoo.com,919590106975,ORD-2021-0251,2021-11-21,2021-11-27,36362.452,BANGALORE,2019-10-28,3.339
1252, Vikas ,Singh ,vikas252@yahoo.com,919510318004,ORD-2021-0252,2021-01-19,2021-01-20,16190.996,chennai,2019-05-25,1.616
1253, Arjun ,PATEL ,arjun253@yahoo.com,919846711815,ORD-2021-0253,2021-09-15,2021-09-19,19700.047,bangalore,2021-01-10,3.171
1254, SNEHA ,SINGH ,sneha254@GMAIL.COM,0091-9347549695,ORD-2024-0254,2024-03-06,2024-03-08,55674.771,chennai,2022-08-18,3.024
1255, Rohit ,SHARMA ,rohit255@yahoo.com,+91-9256395115,ORD-2023-0255,2023-01-16,2023-01-23,52644.942,HYDERABAD,2021-04-11,3.636
1256, RAHUL ,KUMAR ,rahul256@GMAIL.COM,+91-9216980704,ORD-2022-0256,2022-01-01,2022-01-08,65963.165,MUMBAI,2021-11-20,3.623
1257, Anita ,Joshi ,anita257@GMAIL.COM,0091-9956092586,ORD-2021-0257,2021-05-05,2021-05-08,53137.573,MUMBAI,2019-10-02,3.127
1258, Neha ,Singh ,neha258@yahoo.com,919192090149,ORD-2023-0258,2023-12-14,2023-12-20,64043.118,PUNE,2023-03-25,3.019
1259, Rohit ,Joshi ,rohit259@GMAIL.COM,0091-9907155093,ORD-2022-0259,2022-12-23,2022-12-26,61037.13,PUNE,2021-05-29,4.839
1260, RAHUL ,SHARMA ,rahul260@yahoo.com,0091-9145047170,ORD-2022-0260,2022-08-06,2022-08-11,31833.015,HYDERABAD,2022-07-11,1.619
1261, RAHUL ,Joshi ,rahul261@yahoo.com,919955227944,ORD-2022-0261,2022-12-30,2023-01-01,57263.472,chennai,2022-08-01,3.811
1262, Anita ,Gupta ,anita262@GMAIL.COM,+91-9618779908,ORD-2021-0262,2021-03-18,2021-03-24,43713.287,CHENNAI,2018-12-02,4.11
1263, VIKAS ,SHARMA ,vikas263@yahoo.com,+91-9342863523,ORD-2022-0263,2022-09-17,2022-09-22,67526.707,PUNE,2022-07-27,1.592
1264, POOJA ,PATEL ,pooja264@GMAIL.COM,0091-9588574163,ORD-2023-0264,2023-09-02,2023-09-07,13472.33,CHENNAI,2021-07-21,3.097
1265, NEHA ,PATEL ,neha265@yahoo.com,919992285711,ORD-2022-0265,2022-06-30,2022-07-07,35156.632,pune,2021-04-06,3.493
1266, Sneha ,Sharma ,sneha266@yahoo.com,919813610452,ORD-2022-0266,2022-04-24,2022-04-26,94919.621,pune,2020-05-13,2.885
1267, Pooja ,SINGH ,pooja267@GMAIL.COM,0091-9561852456,ORD-2024-0267,2024-01-07,2024-01-09,69659.579,mumbai,2023-06-03,4.157
1268, KIRAN ,GUPTA ,kiran268@GMAIL.COM,919417304549,ORD-2021-0268,2021-04-19,2021-04-23,86496.086,delhi,2019-06-09,4.615
1269, SNEHA ,Patel ,sneha269@GMAIL.COM,919994660711,ORD-2022-0269,2022-01-17,2022-01-19,33690.179,HYDERABAD,2020-08-13,2.104
1270, RAHUL ,Gupta ,rahul270@yahoo.com,+91-9595861587,ORD-2023-0270,2023-03-04,2023-03-11,73124.022,PUNE,2023-01-23,4.882
1271, Kiran ,MEHTA ,kiran271@GMAIL.COM,919148795415,ORD-2023-0271,2023-07-09,2023-07-14,31245.34,HYDERABAD,2023-02-15,4.668
1272, Pooja ,PATEL ,pooja272@GMAIL.COM,+91-9127117388,ORD-2024-0272,2024-02-16,2024-02-21,41696.995,mumbai,2022-01-31,1.427
1273, ROHIT ,Sharma ,rohit273@yahoo.com,+91-9657518717,ORD-2022-0273,2022-07-01,2022-07-06,78092.712,PUNE,2020-11-18,1.55
1274, NEHA ,SINGH ,neha274@yahoo.com,0091-9993678354,ORD-2021-0274,2021-03-08,2021-03-12,20853.93,MUMBAI,2019-01-06,2.71
1275, Rahul ,VERMA ,rahul275@GMAIL.COM,919637594123,ORD-2022-0275,2022-10-03,2022-10-07,52304.585,chennai,2021-01-05,1.157
1276, VIKAS ,Sharma ,vikas276@GMAIL.COM,0091-9949614666,ORD-2022-0276,2022-01-24,2022-01-27,5927.393,HYDERABAD,2020-10-21,4.751
1277, Arjun ,KUMAR ,arjun277@yahoo.com,0091-9026749178,ORD-2023-0277,2023-03-17,2023-03-21,45740.979,delhi,2022-04-10,3.825
1278, Pooja ,Patel ,pooja278@yahoo.com,919549397669,ORD-2023-0278,2023-12-09,2023-12-15,76941.902,chennai,2022-11-01,1.205
1279, Aman ,Gupta ,aman279@GMAIL.COM,+91-9194020880,ORD-2023-0279,2023-07-03,2023-07-06,1714.673,chennai,2021-09-20,2.903
1280, VIKAS ,JOSHI ,vikas280@GMAIL.COM,919947220535,ORD-2021-0280,2021-06-12,2021-06-17,21159.941,hyderabad,2019-09-27,2.194
1281, Anita ,SHARMA ,anita281@GMAIL.COM,919305351281,ORD-2021-0281,2021-08-12,2021-08-16,56436.631,pune,2021-02-01,4.281
1282, VIKAS ,Patel ,vikas282@yahoo.com,0091-9745841941,ORD-2022-0282,2022-08-23,2022-08-27,21300.573,hyderabad,2022-03-29,4.736
1283, Aman ,Verma ,aman283@GMAIL.COM,+91-9617554752,ORD-2022-0283,2022-10-11,2022-10-14,50025.241,pune,2021-04-11,3.502
1284, ANITA ,SINGH ,anita284@GMAIL.COM,919601741560,ORD-2023-0284,2023-04-30,2023-05-04,25814.543,PUNE,2023-03-05,3.898
1285, KIRAN ,Sharma ,kiran285@yahoo.com,919990290356,ORD-2021-0285,2021-12-26,2021-12-28,14007.513,CHENNAI,2021-01-12,1.224
1286, ARJUN ,GUPTA ,arjun286@GMAIL.COM,+91-9338768594,ORD-2024-0286,2024-03-03,2024-03-09,88858.932,MUMBAI,2022-03-30,3.284
1287, Vikas ,Kumar ,vikas287@yahoo.com,0091-9331014655,ORD-2021-0287,2021-08-28,2021-09-04,87766.349,delhi,2019-06-09,4.111
1288, ANITA ,JOSHI ,anita288@GMAIL.COM,+91-9518255654,ORD-2023-0288,2023-11-03,2023-11-04,52600.982,mumbai,2021-07-28,1.821
1289, Rahul ,JOSHI ,rahul289@GMAIL.COM,0091-9124377946,ORD-2023-0289,2023-03-05,2023-03-11,9164.051,BANGALORE,2020-09-21,3.555
1290, Neha ,Mehta ,neha290@yahoo.com,0091-9571526798,ORD-2022-0290,2022-02-15,2022-02-17,11888.809,chennai,2021-04-18,4.216
1291, KIRAN ,Singh ,kiran291@yahoo.com,919363718119,ORD-2021-0291,2021-12-17,2021-12-18,67711.846,CHENNAI,2021-01-23,3.797
1292, Kiran ,Mehta ,kiran292@GMAIL.COM,919814328532,ORD-2022-0292,2022-10-02,2022-10-05,76560.614,chennai,2020-06-07,3.841
1293, Sneha ,Joshi ,sneha293@GMAIL.COM,0091-9961751474,ORD-2022-0293,2022-04-20,2022-04-22,66685.472,pune,2021-11-14,4.383
1294, Aman ,Mehta ,aman294@GMAIL.COM,919877840731,ORD-2024-0294,2024-03-22,2024-03-24,79346.878,PUNE,2022-10-09,1.264
1295, NEHA ,VERMA ,neha295@GMAIL.COM,+91-9367435349,ORD-2023-0295,2023-06-11,2023-06-16,71334.928,BANGALORE,2021-03-17,4.824
1296, ANITA ,Patel ,anita296@GMAIL.COM,+91-9692551787,ORD-2023-0296,2023-02-16,2023-02-19,75621.357,pune,2021-09-18,1.783
1297, Pooja ,Gupta ,pooja297@yahoo.com,919466784595,ORD-2024-0297,2024-03-13,2024-03-20,1307.866,DELHI,2022-04-08,1.003
1298, Arjun ,Mehta ,arjun298@yahoo.com,0091-9033484360,ORD-2021-0298,2021-08-13,2021-08-20,38587.567,BANGALORE,2020-10-19,4.36
1299, Rohit ,Gupta ,rohit299@yahoo.com,+91-9077036673,ORD-2021-0299,2021-09-15,2021-09-17,99026.655,pune,2021-08-25,3.493
1300, SNEHA ,Verma ,sneha300@yahoo.com,+91-9413084285,ORD-2024-0300,2024-02-05,2024-02-12,73225.881,PUNE,2022-10-23,3.82
1301, ANITA ,Joshi ,anita301@GMAIL.COM,0091-9565226339,ORD-2021-0301,2021-06-13,2021-06-15,9300.412,BANGALORE,2019-05-18,3.452
1302, POOJA ,Sharma ,pooja302@GMAIL.COM,919616290544,ORD-2023-0302,2023-08-19,2023-08-23,29814.486,chennai,2022-03-03,2.893
1303, ROHIT ,SHARMA ,rohit303@GMAIL.COM,0091-9029311097,ORD-2022-0303,2022-08-21,2022-08-28,28145.955,hyderabad,2020-07-17,3.956
1304, Sneha ,MEHTA ,sneha304@yahoo.com,+91-9752451295,ORD-2021-0304,2021-12-26,2021-12-29,8897.946,MUMBAI,2019-10-07,3.643
1305, Rohit ,Singh ,rohit305@yahoo.com,0091-9058331864,ORD-2024-0305,2024-03-29,2024-04-04,40175.108,PUNE,2021-11-08,2.051
1306, Arjun ,VERMA ,arjun306@yahoo.com,0091-9410173769,ORD-2021-0306,2021-01-25,2021-01-28,91812.358,bangalore,2018-10-22,4.209
1307, Aman ,Verma ,aman307@yahoo.com,919788463067,ORD-2023-0307,2023-08-03,2023-08-10,69182.694,delhi,2021-09-01,3.742
1308, POOJA ,SINGH ,pooja308@GMAIL.COM,+91-9036552071,ORD-2022-0308,2022-08-04,2022-08-07,22074.059,chennai,2022-01-09,3.264
1309, ROHIT ,PATEL ,rohit309@GMAIL.COM,919081297478,ORD-2022-0309,2022-01-13,2022-01-16,69376.038,PUNE,2021-03-08,2.331
1310, Rahul ,Gupta ,rahul310@yahoo.com,+91-9074516050,ORD-2022-0310,2022-06-27,2022-06-29,14815.324,DELHI,2021-03-23,1.282
1311, Aman ,Joshi ,aman311@GMAIL.COM,+91-9701008808,ORD-2021-0311,2021-02-08,2021-02-12,90509.446,DELHI,2020-08-30,3.161
1312, RAHUL ,Verma ,rahul312@GMAIL.COM,919358028166,ORD-2023-0312,2023-09-15,2023-09-16,64883.904,MUMBAI,2022-02-02,1.706
1313, Rahul ,Verma ,rahul313@GMAIL.COM,919114641286,ORD-2022-0313,2022-01-27,2022-01-30,44079.383,hyderabad,2020-02-05,3.574
1314, SNEHA ,Joshi ,sneha314@GMAIL.COM,919845870756,ORD-2021-0314,2021-02-03,2021-02-04,66897.984,delhi,2020-02-12,3.942
1315, SNEHA ,SHARMA ,sneha315@GMAIL.COM,+91-9260578402,ORD-2023-0315,2023-08-24,2023-08-29,82163.553,HYDERABAD,2023-06-29,4.197
1316, NEHA ,Patel ,neha316@GMAIL.COM,919792344588,ORD-2022-0316,2022-02-20,2022-02-24,54815.537,bangalore,2021-03-02,1.565
1317, VIKAS ,Kumar ,vikas317@GMAIL.COM,919993936529,ORD-2023-0317,2023-01-28,2023-02-02,61437.93,chennai,2022-08-03,3.375
1318, Aman ,Verma ,aman318@GMAIL.COM,0091-9153639423,ORD-2023-0318,2023-09-02,2023-09-08,61248.53,bangalore,2023-04-16,2.675
1319, Arjun ,Singh ,arjun319@GMAIL.COM,919388588565,ORD-2022-0319,2022-01-29,2022-01-30,21206.816,mumbai,2020-07-26,3.681
1320, Rahul ,SHARMA ,rahul320@yahoo.com,919358946122,ORD-2023-0320,2023-01-16,2023-01-19,74171.48,CHENNAI,2022-06-06,2.779
1321, Kiran ,Mehta ,kiran321@yahoo.com,+91-9726764882,ORD-2023-0321,2023-05-09,2023-05-11,73905.913,mumbai,2021-03-25,1.865
1322, Kiran ,JOSHI ,kiran322@yahoo.com,+91-9146463340,ORD-2021-0322,2021-12-31,2022-01-04,13157.571,bangalore,2020-12-04,1.879
1323, Aman ,Kumar ,aman323@GMAIL.COM,0091-9246640965,ORD-2021-0323,2021-12-15,2021-12-20,59362.297,hyderabad,2020-05-18,1.89
1324, Kiran ,Kumar ,kiran324@GMAIL.COM,919505359412,ORD-2024-0324,2024-03-20,2024-03-21,48187.299,chennai,2023-01-08,2.626
1325, Neha ,Kumar ,neha325@yahoo.com,0091-9097420069,ORD-2023-0325,2023-01-05,2023-01-08,57252.889,bangalore,2022-04-26,3.507
1326, Rahul ,PATEL ,rahul326@GMAIL.COM,0091-9035126580,ORD-2023-0326,2023-02-28,2023-03-06,57735.322,CHENNAI,2022-03-15,2.456
1327, RAHUL ,PATEL ,rahul327@yahoo.com,0091-9043888484,ORD-2023-0327,2023-02-24,2023-02-27,71079.045,hyderabad,2021-10-26,4.485
1328, NEHA ,Singh ,neha328@yahoo.com,0091-9730387900,ORD-2022-0328,2022-10-19,2022-10-22,50394.285,BANGALORE,2022-01-09,4.2
1329, Anita ,Singh ,anita329@yahoo.com,0091-9964162027,ORD-2023-0329,2023-07-27,2023-07-28,11646.446,chennai,2023-04-26,3.166
1330, ROHIT ,Joshi ,rohit330@GMAIL.COM,0091-9692224650,ORD-2022-0330,2022-12-12,2022-12-16,83577.278,chennai,2021-09-04,3.787
1331, ARJUN ,Joshi ,arjun331@yahoo.com,0091-9964522866,ORD-2023-0331,2023-07-27,2023-07-30,97087.043,CHENNAI,2021-12-14,3.141
1332, ROHIT ,Kumar ,rohit332@yahoo.com,919339974407,ORD-2021-0332,2021-11-11,2021-11-13,56467.481,bangalore,2021-03-03,1.486
1333, RAHUL ,VERMA ,rahul333@GMAIL.COM,+91-9491817492,ORD-2023-0333,2023-10-20,2023-10-27,33462.424,mumbai,2023-05-15,4.198
1334, Sneha ,Mehta ,sneha334@yahoo.com,919149704623,ORD-2021-0334,2021-08-19,2021-08-25,84167.253,bangalore,2020-04-06,1.783
1335, Anita ,JOSHI ,anita335@GMAIL.COM,919341189853,ORD-2021-0335,2021-06-28,2021-07-03,36425.954,pune,2020-05-11,4.497
1336, Anita ,SINGH ,anita336@yahoo.com,+91-9862950738,ORD-2023-0336,2023-06-29,2023-07-05,89694.668,bangalore,2022-04-20,1.264
1337, KIRAN ,Verma ,kiran337@GMAIL.COM,0091-9981840795,ORD-2021-0337,2021-07-01,2021-07-02,91529.775,HYDERABAD,2020-04-28,2.216
1338, Arjun ,JOSHI ,arjun338@yahoo.com,0091-9165381977,ORD-2022-0338,2022-04-05,2022-04-06,65554.391,bangalore,2020-01-06,2.972
1339, Anita ,MEHTA ,anita339@GMAIL.COM,919276930400,ORD-2024-0339,2024-04-05,2024-04-09,37633.62,chennai,2022-08-25,1.542
1340, ROHIT ,SHARMA ,rohit340@GMAIL.COM,+91-9683165158,ORD-2022-0340,2022-07-13,2022-07-16,51629.716,CHENNAI,2021-04-30,4.2
1341, AMAN ,Mehta ,aman341@GMAIL.COM,+91-9377559154,ORD-2021-0341,2021-07-16,2021-07-21,41493.453,HYDERABAD,2019-11-21,3.454
1342, ARJUN ,Patel ,arjun342@yahoo.com,+91-9125161415,ORD-2023-0342,2023-05-05,2023-05-09,81795.351,DELHI,2023-02-06,1.889
1343, Rohit ,Singh ,rohit343@yahoo.com,919456130975,ORD-2022-0343,2022-09-22,2022-09-24,48683.362,bangalore,2022-02-10,1.173
1344, Aman ,Sharma ,aman344@yahoo.com,919220547840,ORD-2021-0344,2021-07-17,2021-07-24,9532.542,CHENNAI,2021-03-03,3.452
1345, Arjun ,PATEL ,arjun345@yahoo.com,+91-9819527047,ORD-2021-0345,2021-07-22,2021-07-29,75524.778,chennai,2019-11-28,3.358
1346, SNEHA ,Patel ,sneha346@GMAIL.COM,919230074958,ORD-2022-0346,2022-01-06,2022-01-13,12799.733,BANGALORE,2020-12-29,2.975
1347, VIKAS ,Gupta ,vikas347@GMAIL.COM,0091-9737710623,ORD-2023-0347,2023-07-25,2023-07-30,43082.186,chennai,2021-06-22,2.967
1348, ANITA ,VERMA ,anita348@GMAIL.COM,+91-9726406387,ORD-2023-0348,2023-06-17,2023-06-22,74272.5,pune,2021-08-02,1.491
1349, Vikas ,JOSHI ,vikas349@GMAIL.COM,0091-9624830363,ORD-2022-0349,2022-07-25,2022-08-01,35931.682,DELHI,2020-07-15,2.003
1350, SNEHA ,Singh ,sneha350@yahoo.com,+91-9792204952,ORD-2021-0350,2021-10-03,2021-10-04,60656.1,PUNE,2021-06-14,4.171
